Domena,Rejestrator,Utworzona,Wygaśnięcie,Uwagi / Nameserwery,IP,Nameserwery,Hosting,Status HTTP,Tytuł Strony,SSL,Typ,Rynek,Platforma,Model,Pewność,Doświadczenie i Prezentacja,Ceny / Dostęp B2B,ERP / Magazyn,Wniosek
**bills.pl**,OVH SAS,7 grudnia 2008,(brak w WHOIS),Aktualizacja: 24.11.2025; NS: dns.home.pl → wskazuje na hosting w home.pl,62.129.203.187,"dns2.home.pl, dns3.home.pl, dns.home.pl",home.pl / KEI,200,Oficjalny dystrybutor Powermatic Polska,Aktywny (home pl DV TLS G2 R35 CA),Domena rejestracyjna,N/A,N/A,N/A,N/A,N/A,N/A,N/A,N/A
**powermatic.pl**,OVH SAS,9 maja 2018,(brak w WHOIS),Aktualizacja: 14.04.2026,188.114.96.11,"amy.ns.cloudflare.com, jermaine.ns.cloudflare.com",Cloudflare (Proxy),200,Oficjalny dystrybutor Powermatic Polska,Aktywny (WE1),Domena rejestracyjna,N/A,N/A,N/A,N/A,N/A,N/A,N/A,N/A
**powermatic.gr**,Papaki (www2.papaki.com),(brak),(brak),Domeny .gr często mają ograniczony WHOIS; brak publicznych dat,Nierozwiązywalna,,Brak (nieaktywny),Offline,Brak połączenia,Brak/Nieaktywny,Domena rejestracyjna,N/A,N/A,N/A,N/A,N/A,N/A,N/A,N/A
**powermatic.global**,Namecheap,(ukryte),(ukryte),IP: 162.255.119.181; prywatność Redacted,162.255.119.181,"dns2.registrar-servers.com, dns1.registrar-servers.com",Namecheap Hosting,Offline,Brak połączenia,Brak/Nieaktywny,Domena rejestracyjna,N/A,N/A,N/A,N/A,N/A,N/A,N/A,N/A
**powermatic.uk**,Namecheap,5 lutego 2026,5 lutego 2027,NS: dns1.registrar-servers.com,192.64.119.136,"dns2.registrar-servers.com, dns1.registrar-servers.com",Namecheap Hosting,Offline,Brak połączenia,Brak/Nieaktywny,Domena rejestracyjna,N/A,N/A,N/A,N/A,N/A,N/A,N/A,N/A
**smoks.pl**,OVH SAS,9 grudnia 2010,(brak w WHOIS),Aktualizacja: 13.12.2023,188.114.96.11,"amy.ns.cloudflare.com, jermaine.ns.cloudflare.com",Cloudflare (Proxy),200,Oficjalny dystrybutor Powermatic Polska,Aktywny (WE1),Domena rejestracyjna,N/A,N/A,N/A,N/A,N/A,N/A,N/A,N/A
**smoks.eu**,Namecheap,(brak),(brak),Domeny .eu – dane właściciela ukryte (NOT DISCLOSED!),192.64.119.201,"dns1.registrar-servers.com, dns2.registrar-servers.com",Namecheap Hosting,200,,Brak/Nieaktywny,Domena rejestracyjna,N/A,N/A,N/A,N/A,N/A,N/A,N/A,N/A
**smoks.store**,Namecheap,24 czerwca 2026,24 czerwca 2027,Prywatność: Withheld for Privacy (Islandia),162.255.119.218,"dns1.registrar-servers.com, dns2.registrar-servers.com",Namecheap Hosting,200,,Brak/Nieaktywny,Domena rejestracyjna,N/A,N/A,N/A,N/A,N/A,N/A,N/A,N/A
**hawkmatic.com.de**,Namecheap,(brak),(brak),IP: 162.255.119.180; domena .com.de (niemiecka),162.255.119.180,"dns1.registrar-servers.com, dns2.registrar-servers.com",Namecheap Hosting,200,,Brak/Nieaktywny,Domena rejestracyjna,N/A,N/A,N/A,N/A,N/A,N/A,N/A,N/A
**hawkmatic.global**,Namecheap,(ukryte),(ukryte),IP: 162.255.119.38,162.255.119.38,"dns2.registrar-servers.com, dns1.registrar-servers.com",Namecheap Hosting,200,,Brak/Nieaktywny,Domena rejestracyjna,N/A,N/A,N/A,N/A,N/A,N/A,N/A,N/A
**hawkmatic.nl**,Namecheap,6 lutego 2026,(brak),Status: active,162.255.119.34,"dns2.registrar-servers.com, dns1.registrar-servers.com",Namecheap Hosting,200,,Brak/Nieaktywny,Domena rejestracyjna,N/A,N/A,N/A,N/A,N/A,N/A,N/A,N/A
**powermatic.store**,Key-Systems LLC,20 listopad 2024,20 listopad 2026,Sklep 01: Powermatic Store,5.149.161.108,"dns2.iai-system.com, dns1.iai-system.com",IdoSell (IAI S.A.),200,powermatic.store,Aktywny (Certum DV TLS G2 R39 CA),Profil sklepu,Polska / UE,IdoSell,B2C,Wysoka dla platformy; niska dla ERP,"Nowoczesny, uporządkowany sklep z przejrzystym koszykiem, widocznym progiem darmowej dostawy i elementami logowania społecznościowego.",Ceny publiczne; brak widocznej strefy hurtowej.,"Wbudowane funkcje IdoSell; integracja z Subiektem lub Comarchem jest prawdopodobna, ale niepotwierdzona.",Dobry benchmark procesu zakupu i sprzedaży transgranicznej. Interfejs prezentuje wysoki poziom zaufania i ułatwia szybkie zakupy.
**powermatic.eu**,OVH SAS,28 kwietnia 2005,(brak w WHOIS),Sklep 02: Powermatic EU,5.149.162.192,"dns113.ovh.net, ns113.ovh.net",OVH Cloud,200,Powermatic.eu – Haushalt & Küche Online Shop,Aktywny (Certum DV TLS G2 R39 CA),Profil sklepu,Polska / UE,IdoSell,B2C,Wysoka dla platformy; niska dla ERP,Sklep nastawiony na wersje językowe i rynki zagraniczne; układ bardzo zbliżony do powermatic.store.,"Ceny publiczne, dopasowane do sprzedaży międzynarodowej (multivaluta).",IdoSell potwierdzony; backend ERP wymaga weryfikacji.,"Warto przejąć spójny model językowy i walutowy, ale unikać mnożenia prawie identycznych sklepów na różnych domenach bez wyraźnego uzasadnienia SEO."
**primonet.ro**,Claus Web SRL,28 lutego 2015,(brak),Sklep 03: Primonet / Tuburiaparate (Rumunia),104.21.26.90,"princess.ns.cloudflare.com, andronicus.ns.cloudflare.com",Cloudflare (Proxy),Offline,Brak połączenia,Aktywny (WE1),Profil sklepu,Rumunia,Magento 2,B2B + B2C,Wysoka dla platformy i modelu; niska dla ERP,"Rozbudowany katalog dystrybutora, szerokie opisy i układ nastawiony na obsługę wielu grup produktów.","Detal publiczny; dostęp do warunków B2B (ceny hurtowe, rabaty) po zalogowaniu i weryfikacji konta.","SmartBill lub SAP Business One są możliwe, lecz niewidoczne publicznie.",Najlepszy benchmark kontroli cenników i kont firmowych. Pokazuje jak skutecznie zintegrować przepływ hurtowy i detaliczny w jednym silniku.
**tuburiaparate.ro**,Claus Web SRL,7 maja 2012,(brak),Sklep 03: Primonet / Tuburiaparate (Rumunia),172.66.145.130,"princess.ns.cloudflare.com, andronicus.ns.cloudflare.com",Cloudflare (Proxy),Offline,Brak połączenia,Aktywny (Sectigo Public Server Authentication CA EV R36),Profil sklepu,Rumunia,Magento 2,B2B + B2C,Wysoka dla platformy i modelu; niska dla ERP,"Rozbudowany katalog dystrybutora, szerokie opisy i układ nastawiony na obsługę wielu grup produktów.","Detal publiczny; dostęp do warunków B2B (ceny hurtowe, rabaty) po zalogowaniu i weryfikacji konta.","SmartBill lub SAP Business One są możliwe, lecz niewidoczne publicznie.",Najlepszy benchmark kontroli cenników i kont firmowych. Pokazuje jak skutecznie zintegrować przepływ hurtowy i detaliczny w jednym silniku.
**kyset.com.ua**,Hosting Ukraine LLC (ua.ukraine),3 marca 2021,3 marca 2027,Sklep 04: Kyset (Ukraina),51.83.57.161,"ns313.inhostedns.org, ns213.inhostedns.net, ns113.inhostedns.com",Hosting Ukraine LLC,200,Brak tytułu,Aktywny (YE1),Profil sklepu,Ukraina,Horoshop,B2B + B2C,Wysoka dla platformy; niska dla ERP,"Utylitarny katalog z naciskiem na filtry, warianty, akcesoria i szybkie porównanie produktów.",Ceny publiczne oraz dynamicznie wyświetlane rabaty ilościowe (wielosztuki).,"1C/BAS jest logiczną hipotezą rynkową, ale niepotwierdzoną.","Warto wykorzystać prostotę rabatów wielosztuk i widoczną, przejrzystą informację o wariantach produktów w widoku listy."
**topgilza.com.ua**,Hosting Ukraine LLC (ua.ukraine),22 kwietnia 2021,22 kwietnia 2027,Sklep 05: TopGilza (Ukraina),51.68.97.214,"ns211.inhostedns.net, ns311.inhostedns.org, ns111.inhostedns.com",Hosting Ukraine LLC,200,Brak tytułu,Aktywny (YE2),Profil sklepu,Ukraina,OpenCart,B2C + obsługa hurtowa przez kontakt,Wysoka dla platformy; niska dla ERP,"Standardowy, funkcjonalny sklep katalogowy, lecz z wyraźnie budżetową, przestarzałą warstwą wizualną.","Ceny publiczne; brak dojrzałego, widocznego procesu kont firmowych. Kontakt telefoniczny/e-mail dla hurtu.","Wymiana CSV, Prom.ua lub moduły 1C są możliwe, ale niepotwierdzone.","Przykład, że niski koszt technologii (OpenCart) nie zastępuje jakości marki i automatyzacji procesów B2B. Dobry punkt odniesienia czego unikać wizualnie."
**all24.at**,Vautron Rechenzentrum AG,(brak),(brak),Sklep 06: All24 (Austria),176.103.220.243,"ns1.lima-city.de, ns3.lima-city.de, ns2.lima-city.de",lima-city.de,200,Startseite | Elektrische Stopfmaschinen wie Powermatic 2 ...,Aktywny (E7),Profil sklepu,Austria / DACH,Magento,B2C + dealerzy,Wysoka dla platformy; niska dla ERP,"Duży sklep wielobranżowy; Powermatic funkcjonuje jako jedna z kategorii produktowych, a nie centrum doświadczenia klienta.",Ceny publiczne; osobny formularz kontaktowy lub wydzielona sekcja dealerska.,"BMD, SAP Business One lub Navision to jedynie hipotezy.","Dobry benchmark skalowalności katalogu produktowego i obsługi wielu kategorii, słabszy dla budowania specjalistycznej, silnej marki monobrandowej."
**skleptytoniowy.pl**,nazwa.pl sp. z o.o.,22 maja 2007,22 maja 2027,Sklep 07: SklepTytoniowy (Polska),94.152.129.99,"ns2.kei.pl, ns1.kei.pl",home.pl / KEI,200,Sklep Tytoniowy - papierosy i akcesoria w hurtowych cenach,Aktywny (YR1),Profil sklepu,Polska,PrestaShop,B2B + B2C,Wysoka dla platformy i B2B; niska dla ERP,Czytelny sklep asorytmentowy z klasyczną strukturą kategorii i wyrazistą komunikacją oferty hurtowej.,Detal publiczny; niższe ceny widoczne dopiero po akceptacji zarejestrowanego konta hurtowego przez administratora.,"Integracja z Subiektem GT/NX lub Comarch ERP Optima jest bardzo prawdopodobna, ale niewidoczna bezpośrednio.",Praktyczny wzorzec rejestracji firmy (walidacja NIP w locie) i oddzielenia cennika hurtowego od detalicznego. Dobry standard na polski rynek.
**powermatic-stopfmaschine.de**,(brak w WHOIS - Vimexx),(brak),(brak),Sklep 08: Powermatic Stopfmaschine (Niemcy),185.104.29.98,"ns.zxcs.eu, ns.zxcs.be, ns.zxcs.nl",Vimexx (zxcs.nl),200,Powermatic-Stopfmaschine.de - Nr. 1 in Deutschland,Aktywny (YR1),Profil sklepu,Niemcy,WordPress + WooCommerce,B2C,Wysoka dla platformy; niska dla ERP,"Sklep jednej marki z bogatymi treściami edukacyjnymi, sekcją napraw, profesjonalnego serwisu i oryginalnych części. Buduje silne zaufanie.",Ceny publiczne; darmowa dostawa na terenie całej UE jako główny komunikat marketingowy.,"JTL-Wawi, Pickware lub Billbee są możliwe, ale brak publicznego potwierdzenia w kodzie.","Najlepszy benchmark zaufania, wiedzy produktowej (manuale, wideo) i usług posprzedażowych (części zamienne, formularz serwisowy). Status oficjalnego partnera buduje autorytet."
